Date,AAPL_Open,AAPL_High,AAPL_Low,AAPL_Close,AAPL_Volume,MSFT_Open,MSFT_High,MSFT_Low,MSFT_Close,MSFT_Volume,GOOGL_Open,GOOGL_High,GOOGL_Low,GOOGL_Close,GOOGL_Volume,NVDA_Open,NVDA_High,NVDA_Low,NVDA_Close,NVDA_Volume,AMZN_Open,AMZN_High,AMZN_Low,AMZN_Close,AMZN_Volume
2022-01-03,177.83,182.88,177.71,182.01,104701220,335.35,338.0,329.78,334.75,28918013,145.055,145.851,143.71275,144.9915,28678940,298.15,307.11,297.85,301.21,39240294,167.55,170.70350000000002,166.1605,170.4045,63869140
2022-01-04,182.63,182.94,179.12,179.7,99310438,334.83,335.2,326.12,329.01,32674306,145.39600000000002,146.48489,143.71625,144.3995,28399440,302.77,304.68,283.49,292.9,52715440,170.43800000000002,171.4,166.34949999999998,167.522,70725160
2022-01-05,179.61,180.17,174.64,174.92,94537602,325.86,326.07,315.98,316.38,40054327,144.42000000000002,144.49938,137.68800000000002,137.775,54618280,289.49,294.16,275.33,276.04,49806388,166.88299999999998,167.12625,164.357,164.357,64302720
2022-01-06,172.7,175.3,171.64,172.0,96903955,313.15,318.7,311.49,313.88,39646148,136.99849999999998,139.94,136.5585,137.7475,37347420,276.4,284.3799,270.65,281.78,45418637,163.4505,164.8,161.93721,163.254,51957780
2022-01-07,172.89,174.14,171.03,172.17,86709147,314.15,316.5,310.09,314.04,32720018,138.1455,138.4485,135.7665,137.017,29760560,281.41,284.22,270.57,272.47,40993851,163.839,165.24325,162.031,162.554,46605900
2022-01-10,169.08,172.5,168.17,172.19,106765552,309.485,314.72,304.69,314.27,44289467,135.078,138.8195,133.1645,138.6695,44408120,265.81,274.69,256.4384,274.0,59468095,160.5855,161.6615,156.30450000000002,161.486,87798300
2022-01-11,172.32,175.18,170.82,175.08,76138312,313.38,316.61,309.89,314.98,29386774,138.007,140.216,136.69225,139.736,28729700,273.225,280.65,268.39,278.17,40408929,161.5,166.35,160.7015,165.362,62805580
2022-01-12,176.12,177.18,174.82,175.53,74805173,319.67,323.41,317.08,318.27,34372217,141.15,142.60775,140.6945,141.4305,26112040,280.665,285.95,276.08,279.99,38341348,166.575,166.878,164.417,165.207,50029120
2022-01-13,175.78,176.62,171.79,172.19,84505760,320.4658,320.88,304.0,304.8,45365979,141.54000000000002,142.85,138.409,138.587,31436600,283.79,284.8,264.98,265.75,53886809,165.25050000000002,166.2215,161.091,161.214,52188300
2022-01-14,171.34,173.78,171.09,173.07,80440780,304.25,310.82,303.75,310.2,39846414,137.079,140.74200000000002,136.99849999999998,139.4805,29661280,263.0,271.969,262.1001,269.42,39583235,160.15,162.25,159.8005,162.138,45974860
2022-01-18,171.51,172.54,169.405,169.8,91168729,304.07,309.8,301.74,302.65,42434112,136.175,137.13150000000002,135.43824999999998,135.998,34888100,262.6,266.38,257.7,259.03,42530617,159.105,159.7345,157.6645,158.9175,67441440
2022-01-19,170.0,171.08,165.94,166.23,94814990,306.29,313.9093,302.7,303.33,45933855,136.52349999999998,137.9595,135.0155,135.1165,28647640,260.79,265.4317,250.52,250.67,48831451,158.762,159.25,156.25,156.299,53241920
2022-01-20,166.98,169.68,164.18,164.51,91420515,309.07,311.6494,301.14,301.6,35380675,136.25,137.626,132.96466,133.3075,29907140,253.04,255.7904,240.78,241.5,43518073,156.76600000000002,158.0,151.351,151.6675,71973320
2022-01-21,164.415,166.33,162.3,162.41,122848858,302.685,304.11,295.61,296.03,57984403,132.5935,134.86552999999998,130.0865,130.35150000000002,55651420,235.07,248.23,232.63,233.74,71895784,149.95,150.9,142.0704,142.643,163971440
2022-01-24,160.02,162.3,154.7,161.62,162706686,292.2,297.11,276.05,296.37,86035393,125.978,131.203,124.5,130.804,76694240,223.3,233.8,208.88,233.72,91581063,139.0,144.945,135.352,144.544,156044740
2022-01-25,158.98,162.76,157.02,159.78,115798367,291.52,294.99,285.17,288.49,72848638,128.74,129.399,126.50050000000002,126.93499999999999,46960560,225.46,229.43,220.0,223.24,66461636,142.2425,143.6,138.145,139.986,90824660
2022-01-26,163.5,164.3894,157.82,159.69,108275308,307.985,308.5,293.03,296.71,90428853,131.119,133.0,127.14200000000001,129.233,49129500,232.4,240.57,223.0,227.72,75595873,144.75,145.18475,137.3185,138.8725,95601700
2022-01-27,162.45,163.84,158.28,159.22,121954638,302.66,307.3,297.93,299.84,53481317,131.304,132.65225,128.93229,129.005,32018780,235.68,239.95,216.75,219.44,57335272,140.8,144.24349999999998,139.35,139.6375,77515800
2022-01-28,165.71,170.35,162.8,170.33,179935660,300.23,308.48,294.45,308.26,49743698,129.659,133.3565,128.48499999999999,133.351,34361480,220.1215,228.58,212.96,228.4,54377425,140.8605,143.998,137.92925,143.978,74391980
2022-01-31,170.16,175.0,169.51,174.78,115541590,308.95,312.38,306.37,310.98,46444536,134.16199999999998,135.473,132.2095,135.3035,39986000,231.82,245.09,230.52,244.86,56467968,144.75,150.3605,144.30051,149.5735,78307440
2022-02-01,174.01,174.84,172.31,174.61,86213911,310.41,310.63,305.1293,308.76,40950396,137.59449999999998,137.79275,134.36849999999998,137.644,68643640,251.04,251.45,238.9001,246.38,51892517,150.0,151.708,147.62774,151.1935,59219840
2022-02-02,174.745,175.88,173.33,175.84,84914256,309.63,315.12,308.88,313.46,36635989,151.25,151.54658,145.52251,148.0,123199220,257.94,258.17,245.5301,252.42,54341941,155.05043,155.075,148.86359,150.6125,87329760
2022-02-03,174.48,176.2399,172.12,172.9,89418074,309.49,311.23,299.96,301.25,43729972,145.7055,149.675,142.66532,143.09,71517220,244.58,250.77,237.8,239.48,41017778,141.7375,144.2475,138.333,138.8455,225531360
2022-02-04,171.68,174.1,170.68,172.39,82465400,300.21,308.8,299.97,305.94,35096488,143.44464,144.875,140.51500000000001,143.293,57998220,239.72,246.35,236.32,243.19,35482850,155.6065,161.2,150.608,157.6395,253455860
2022-02-07,172.86,173.9458,170.95,171.66,77251204,306.17,307.84,299.9,300.95,28533286,144.25,144.25,138.9,139.201,54973300,243.72,251.82,242.02,247.28,37686750,158.52,162.69075,157.25,157.9355,102624380
2022-02-08,171.73,175.35,171.43,174.83,74829217,301.25,305.561,299.95,304.56,32421188,139.0265,140.0,137.01385,139.399,54283600,243.59,252.3,239.8,251.08,41035864,156.75050000000002,161.7925,155.5505,161.4135,76040360
2022-02-09,176.05,176.65,174.9,176.28,71285038,309.865,311.93,307.39,311.21,31284671,140.9635,142.52425,140.18703,141.592,40143880,256.22,267.25,253.53,267.05,52428166,162.87349999999998,163.8345,160.25,161.1895,68785600
2022-02-10,174.14,175.48,171.55,172.12,90865899,304.04,309.12,300.7,302.38,45386199,139.70350000000002,141.4845,137.957,138.62,39330660,259.95,269.2499,256.0,258.24,51319972,158.35,160.7165,157.75,159.0035,68268120
2022-02-11,172.33,173.08,168.04,168.64,98670687,303.19,304.29,294.22,295.04,39175620,138.6,139.15625,133.4,134.2825,39958340,259.16,261.52,237.73,239.49,60547198,158.13451,159.0,152.73375000000001,153.2935,77100440
2022-02-14,167.37,169.58,166.56,168.88,86185530,293.77,296.76,291.35,295.0,36359487,133.25650000000002,136.3,133.25650000000002,135.526,34301080,239.34,248.75,237.55,242.67,44042443,151.751,158.44832,151.65,155.167,83230700
2022-02-15,170.97,172.95,170.25,172.79,64286320,300.008,300.8,297.02,300.47,27379488,137.57049999999998,138.1085,135.8215,136.6085,26711260,249.49,265.45,247.84,264.95,70175280,157.6055,158.007,154.6375,156.5105,56970660
2022-02-16,171.85,173.34,170.05,172.55,61177398,298.365,300.87,293.68,299.5,29982121,136.6465,138.08599999999998,134.92374999999998,137.738,25021300,262.59,265.82,255.52,265.11,73267633,155.7905,158.834,154.7345,158.1005,52704280
2022-02-17,171.03,171.91,168.47,168.88,69589344,296.36,296.8,290.0,290.73,32461580,136.243,137.1135,132.4785,132.53900000000002,38949500,256.3,257.85,241.65,245.07,81059508,158.14600000000002,160.34875,154.5,154.6525,64032500
2022-02-18,169.82,170.5413,166.19,167.3,82772674,293.05,293.86,286.305,287.93,34264008,133.467,134.07,130.1965,130.403,45619440,246.675,249.86,231.0,236.42,76125491,155.49949999999998,155.49949999999998,150.893,152.60150000000002,63604100
2022-02-22,164.98,166.69,162.15,164.32,91162758,285.0,291.54,284.5,287.72,41736117,129.83809000000002,132.18025,128.22325,129.8135,44990740,230.35,240.6399,230.0,233.9,63342244,150.4785,152.98250000000002,148.4855,150.1975,66128240
2022-02-23,165.54,166.15,159.75,160.07,90009247,290.18,291.7,280.1,280.27,37811167,131.64849999999998,132.051,127.5275,127.58800000000001,32786020,238.02,241.5499,223.01,223.87,56651077,151.65050000000002,151.763,144.651,144.827,64243560
2022-02-24,152.58,162.85,152.0,162.74,141147540,272.51,295.16,271.52,294.59,56989686,124.95325,133.0,124.95325,132.691,54455080,210.15,238.0,208.9,237.48,73580063,139.8375,151.749,139.5,151.358,100785760
2022-02-25,163.84,165.12,160.8738,164.85,91974222,295.14,297.63,291.655,297.31,32546721,133.552,135.2715,131.75150000000002,134.4595,36405980,237.21,242.17,233.81,241.57,52886551,150.55,153.99,149.2135,153.7885,62395360
2022-02-28,163.06,165.42,162.43,165.12,95056629,294.31,299.14,293.0,298.79,34627457,133.05,135.75150000000002,132.59224999999998,135.057,38864420,239.92,246.65,237.0701,243.85,47731861,152.425,154.45,150.85,153.56300000000002,57683420
2022-03-01,164.695,166.6,161.97,163.2,83474425,296.4,299.97,292.15,294.95,31217778,134.8785,136.2555,133.2185,134.0615,26495360,242.91,243.77,231.32,234.77,41205598,152.73250000000002,154.099,149.977,151.142,44873580
2022-03-02,164.39,167.36,162.95,166.56,79724750,295.36,301.47,293.698,300.19,31873007,134.628,135.2625,133.07154,134.5715,23519800,237.56,244.09,234.15,242.2,38964185,150.849,152.99949999999998,148.75,152.0525,47334720
2022-03-03,168.47,168.91,165.55,166.23,76678441,302.89,303.13,294.05,295.92,27314469,136.01,136.4395,133.02550000000002,133.8995,24603240,242.615,243.2599,234.69,237.14,36509504,153.5315,153.929,146.856,147.89849999999998,65197200
2022-03-04,164.49,165.55,162.1,163.17,83819592,294.29,295.66,287.165,289.86,32369655,132.9275,133.85150000000002,130.3375,131.9065,30450640,233.84,236.8,224.82,229.36,43201070,147.159,147.85,143.807,145.64100000000002,60983120
2022-03-07,163.36,165.02,159.04,159.3,96418845,288.53,289.69,278.53,278.91,43157178,131.488,131.73499999999999,126.295,126.3785,45112940,228.17,230.33,213.3,213.52,45082089,145.4435,146.09449999999998,137.41649999999998,137.453,86933860
2022-03-08,158.82,162.88,155.8,157.44,131148280,277.8,283.96,270.0,275.85,48159475,126.25,131.25,125.67469000000001,127.1045,40427100,213.09,223.7299,206.5,215.14,55746719,136.6835,140.6995,133.5725,136.0145,91662580
2022-03-09,161.475,163.41,159.41,162.95,91454905,283.44,289.6,280.78,288.5,35204480,131.25,133.7355,129.90050000000002,133.42000000000002,37025400,223.87,232.2,222.47,230.14,49274195,139.5,140.25,136.828,139.279,82656660
2022-03-10,160.2,160.39,155.98,158.52,105342033,283.02,286.6,280.58,285.59,30628012,131.26600000000002,133.27175,130.9125,132.42950000000002,27101400,225.31,227.88,218.82,226.58,42806565,145.685,148.67425,143.978,146.8175,135062900
2022-03-11,158.93,159.28,154.5,154.73,96970102,287.96,289.51,279.43,280.07,27209330,133.4885,133.7955,129.63150000000002,129.8705,31526440,230.22,231.45,220.46,221.0,36720857,149.5745,149.675,145.369,145.5245,68900560
2022-03-14,151.45,154.12,150.1,150.62,108732111,280.34,285.3992,275.82,276.44,30660747,130.25,130.409,125.275,125.951,38811260,218.69,222.62,211.5901,213.3,38535424,145.981,147.45,140.884,141.853,74086100
2022-03-15,150.9,155.57,150.38,155.09,92964302,280.35,287.82,278.725,287.15,34245085,126.976,129.8545,125.72049999999999,129.198,30919520,215.18,230.38,213.2201,229.73,49199569,142.85,147.98499999999999,142.0,147.3665,75584600
2022-03-16,157.05,160.0,154.46,159.59,102300157,289.11,294.57,283.2,294.39,37826329,130.733,133.333,128.7345,133.28050000000002,35576980,235.0,245.97,231.72,244.96,67142174,148.5,153.15,147.3535,153.10399999999998,84957680
2022-03-17,158.61,161.0,157.63,160.62,75615376,293.29,295.61,289.37,295.22,30816633,133.149,134.0804,132.185,133.839,28263920,241.2,248.42,239.06,247.66,47194119,152.6405,157.49849999999998,152.14000000000001,157.239,72934840
2022-03-18,160.51,164.48,159.76,163.98,123511692,295.37,301.0,292.73,300.43,43390625,133.4245,136.244,132.25825,136.12550000000002,44566900,247.99,265.6899,246.24,264.53,73071856,156.81300000000002,161.594,156.011,161.25050000000002,102962760
2022-03-21,163.51,166.35,163.015,165.38,95811352,298.89,300.14,294.9,299.16,28351245,136.1635,137.05,134.09224999999998,136.10150000000002,26831680,265.07,271.5199,259.67,267.34,59172708,161.12075,163.084,159.553,161.4915,66537520
2022-03-22,165.51,169.42,164.91,168.82,81532007,299.8,305.0,298.77,304.06,27599689,136.10150000000002,141.05,136.10150000000002,139.868,35495540,267.27,272.38,260.72,265.24,54700710,161.8055,166.167,161.699,164.889,64086120
2022-03-23,167.99,172.64,167.65,170.21,98062674,300.51,303.23,297.7201,299.49,25715377,138.70250000000001,139.5885,137.83499999999998,138.27550000000002,25153400,261.26,266.115,255.7501,256.34,50211986,163.70499999999998,166.37,162.68699999999998,163.408,55811860
2022-03-24,171.06,174.14,170.21,174.07,90131418,299.14,304.2,298.315,304.1,24484456,139.2,141.61875,137.75050000000002,141.572,26396560,261.66,283.1999,259.07,281.5,87737914,163.74949999999998,164.11849999999998,160.05,163.6495,56798060
2022-03-25,173.88,175.28,172.75,174.72,80546156,305.23,305.5,299.2855,303.68,22566453,141.916,142.035,139.7375,141.673,24143080,278.86,283.58,272.71,276.92,57901618,164.0,165.36849999999998,162.25,164.77349999999998,49085500
2022-03-28,172.17,175.73,172.0,175.6,90371916,304.33,310.8,304.33,310.7,29578188,140.90050000000002,142.0025,139.81125,141.4555,35049260,277.555,282.5,272.06,282.19,42549392,164.975,169.0375,164.9,168.9905,59853820
2022-03-29,176.69,179.01,176.34,178.96,100589440,313.91,315.82,309.05,315.41,30393403,142.64749999999998,143.7935,142.03825,142.5055,34317020,286.945,289.46,279.8,286.56,48898440,170.384,170.8315,167.86849999999998,169.315,66153600
2022-03-30,178.55,179.61,176.7,177.77,92633154,313.76,315.95,311.58,313.86,28163555,142.45999999999998,142.72032,141.6,141.9385,19884760,283.04,284.955,275.03,276.9,46348713,168.5095,168.9505,165.5,166.301,56167260
2022-03-31,177.84,178.03,174.4,174.61,103049285,313.9,315.14,307.89,308.31,33422070,142.053,142.10775,139.0245,139.0675,37524720,277.82,282.48,272.7,272.86,52344022,166.44475,166.495,162.95350000000002,162.9975,59965780
2022-04-01,174.03,174.88,171.94,174.31,78751328,309.37,310.13,305.54,309.42,27110529,139.5,140.47075,138.3075,140.15050000000002,25941440,273.75,274.96,262.67,267.12,51723511,164.1495,165.827,162.3195,163.56,57089500
2022-04-04,174.57,178.49,174.44,178.44,76545983,310.09,315.11,309.71,314.97,24335868,140.3585,143.712,140.3105,142.9715,25970840,267.28,275.58,266.13,273.6,39770782,164.125,168.3945,163.2055,168.3465,50007960
2022-04-05,177.5,178.3,174.415,175.06,73401786,313.27,314.865,309.87,310.88,23156719,142.869,142.9905,140.3825,140.591,21418120,272.54,273.19,258.2,259.31,43661473,167.7415,168.1105,163.26601,164.055,53728560
2022-04-06,172.36,173.63,170.13,171.83,89058782,305.19,307.0,296.71,299.5,40110372,138.75,139.3605,135.517,136.548,32468480,249.34,253.0,240.03,244.07,70383256,161.65050000000002,162.2,157.2545,158.756,79055760
2022-04-07,171.16,173.36,169.85,172.14,77594650,296.66,303.65,296.35,301.37,31411155,136.01,137.1645,134.2274,135.8885,26233600,244.41,247.22,234.78,242.08,55799236,158.4,160.079,154.5115,157.7845,68136780
2022-04-08,171.78,171.78,169.2,170.09,76575508,300.44,301.12,296.28,296.97,24361917,135.58350000000002,135.67000000000002,132.9655,133.2875,25142800,239.17,239.23,230.6201,231.19,52478064,156.75,157.36849999999998,154.23075,154.4605,46001660
2022-04-11,168.71,169.03,165.5,165.75,72246706,291.79,292.61,285.0,285.26,34569264,131.8235,132.0925,128.6685,128.8235,36883060,222.14,223.1994,216.6,219.17,57520684,152.71300000000002,154.1365,150.5345,151.122,52112340
2022-04-12,168.02,169.87,166.64,167.66,79265181,289.235,290.739,280.49,282.06,30966721,131.6,131.6,126.78898999999998,127.7145,32710700,225.37,227.25,212.8204,215.04,66225807,153.6925,155.099,150.38299999999998,150.7875,55177440
2022-04-13,167.39,171.04,166.77,170.4,70618925,282.73,288.58,281.3,287.62,21907176,128.0,130.334,127.74125,129.894,27927240,217.28,225.0,214.55,222.03,51694344,150.0185,156.025,149.6,155.541,53390880
2022-04-14,170.62,171.27,165.04,165.29,75329376,288.09,288.305,279.32,279.83,28221607,130.4795,130.4795,126.601,126.72999999999999,31597980,225.05,227.77,211.63,212.58,56909685,155.39000000000001,155.897,151.47175,151.7065,51598140
2022-04-18,163.92,166.5984,163.57,165.07,69023941,278.91,282.46,278.34,280.52,20778000,127.0,128.2125,126.18199999999999,127.6765,20808660,212.0,220.88,210.79,217.83,52570061,151.52349999999998,154.0395,150.25050000000002,152.785,46513520
2022-04-19,165.02,167.82,163.91,167.4,67723833,279.38,286.17,278.41,285.3,22297720,127.69149999999999,130.333,126.99949999999998,130.009,26489760,217.2,223.73,213.14,221.98,51278058,152.0295,158.649,151.5505,158.1155,54926420
2022-04-20,168.76,168.88,166.1,167.23,67929814,289.4,289.7,285.3702,286.36,22906667,130.892,131.399,127.5,128.04000000000002,31695460,225.171,226.7037,212.0,214.82,46897444,157.60250000000002,157.60250000000002,153.6035,153.998,59630020
2022-04-21,168.91,171.53,165.91,166.42,87227768,288.58,293.3,280.06,280.81,29454587,129.25,130.0985,124.52650000000001,124.8145,36445160,217.0915,223.92,200.0,201.83,65620944,154.714,156.738,147.5895,148.296,63969320
2022-04-22,166.46,167.8699,161.5,161.79,84882424,281.68,283.2,273.38,274.03,29405798,125.0,125.402,118.925,119.63550000000001,56883720,203.03,204.86,195.0,195.15,62471343,148.25,149.615,143.69751000000002,144.35,73078580
2022-04-25,161.12,163.17,158.46,162.88,96046376,273.29,281.11,270.77,280.72,35678852,119.101,123.2775,118.511,123.074,46128260,192.02,199.45,190.96,199.02,64156561,144.023,146.2215,142.30655,146.074,61874980
2022-04-26,162.25,162.34,156.72,156.8,95623240,277.5,278.3599,270.0,270.22,46518445,122.2945,122.50999999999999,118.511,118.65,73054880,197.18,197.88,186.7,187.88,65314250,144.8,144.85575,138.92950000000002,139.39100000000002,77529160
2022-04-27,155.91,159.79,155.38,156.57,88063191,282.1,290.97,279.16,283.22,63477694,114.46925000000002,117.242,112.73651,114.2945,91820580,185.98,191.67,182.9,184.15,49946017,140.1915,141.9485,135.7835,138.167,71336300
2022-04-28,159.25,164.515,158.93,163.64,130216792,285.185,290.98,281.4562,289.63,33646570,116.415,119.64949999999999,114.11500000000001,118.5225,48884640,189.67,200.37,184.8957,197.82,57032671,142.178,145.9375,140.3,144.5965,117316940
2022-04-29,161.84,166.2,157.25,157.65,131747571,288.61,289.88,276.5,277.52,37073923,116.7345,117.91975,113.8145,114.1095,42676000,194.02,201.2848,185.17,185.47,50043491,129.849,130.761,121.625,124.28150000000001,272661720
2022-05-02,156.71,158.23,153.27,157.96,123055265,277.71,284.94,276.22,284.47,35151105,113.405,116.74549999999999,112.6,116.583,35533020,185.405,195.74,183.91,195.33,57204868,122.401,124.66824999999999,118.375,124.5,148788980
2022-05-03,158.15,160.71,156.32,159.48,88966526,283.96,284.13,280.15,281.78,25978605,116.43050000000001,118.44182,116.03450000000001,117.33399999999999,24967360,194.0,198.25,191.33,196.02,47575084,124.05350000000001,126.22049999999999,122.825,124.2535,79133360
2022-05-04,159.67,166.48,159.26,166.02,108256503,282.59,290.88,276.73,289.98,33599320,117.03150000000001,122.8545,115.11600000000001,122.261,49915280,199.23,204.0,187.51,203.34,64885463,123.6,126.0,119.18299999999999,125.92850000000001,110745360
2022-05-05,163.85,164.08,154.95,156.77,130525275,285.54,286.35,274.34,277.35,43260386,120.204,121.03900000000002,115.00574999999999,116.50550000000001,45840580,198.67,199.25,185.0,188.44,62633141,123.0,123.499,115.07249999999999,116.407,144391220
2022-05-06,156.01,159.44,154.18,157.28,116124647,274.805,279.25,271.27,274.73,37780322,115.1845,117.57149999999999,114.0155,115.7465,39709580,187.36,195.12,179.9,186.75,63329672,114.85,119.05050000000001,113.08125,114.7725,124259900
2022-05-09,154.925,155.83,151.49,152.06,131577921,270.06,272.36,263.32,264.58,47725952,113.25,115.07709,112.00051,112.511,40802860,180.34,182.55,168.27,169.5,64445451,111.3125,114.0,107.957,108.78900000000002,128124380
2022-05-10,155.52,156.74,152.93,154.51,115366736,271.69,273.75,265.07,269.5,39336424,115.50750000000001,116.25,112.90050000000001,114.39500000000001,39900380,176.89,181.98,170.25,175.95,76147429,111.25,112.6425,107.171,108.859,105433820
2022-05-11,153.5,155.45,145.81,146.5,142689825,265.68,271.36,259.3,260.55,48975898,113.2365,116.36440999999999,113.2365,113.6025,37534740,173.47,177.53,165.68,166.3,67016703,108.10350000000001,110.15599999999999,104.42850000000001,105.372,109703640
2022-05-12,142.77,146.2,138.8,142.56,182602041,257.69,259.88,250.02,255.35,51033802,111.37750000000001,114.295,109.82449999999999,112.84400000000001,53836180,162.191,167.88,155.67,161.75,70872837,102.75,110.78074999999998,102.4055,106.93050000000001,132025140
2022-05-13,144.59,148.105,143.11,147.11,113990852,257.35,263.04,255.35,261.12,34925093,114.53299999999999,117.875,113.60501,116.05050000000001,35038480,167.88,179.2843,165.925,177.06,67043651,109.069,113.184,107.8,113.05499999999999,93684560
2022-05-16,145.55,147.5199,144.18,145.54,86643781,259.955,265.82,255.78,261.5,32550933,114.9555,116.17,113.8895,114.44500000000001,25990440,175.09,177.88,171.06,172.64,52144598,113.1,113.99249999999999,110.35414,110.8105,74565740
2022-05-17,148.86,149.77,146.68,149.24,78336254,266.11,268.33,262.46,266.82,28828799,116.84049999999999,116.9,114.86975,116.473,23053160,180.74,183.71,176.34,181.77,58582971,113.275,115.8,111.27650000000001,115.3685,76447740
2022-05-18,146.85,147.3601,139.9,140.82,109742890,263.0,263.6,252.77,254.08,31355985,115.0,115.4,111.55550000000001,111.89949999999999,35125980,177.05,181.18,168.64,169.38,54516106,111.4395,112.853,106.24875,107.1125,108379180
2022-05-19,139.88,141.66,136.6,137.35,136095640,253.9,257.67,251.88,253.14,32692286,111.4315,113.00999999999999,110.0,110.38399999999999,34144400,169.37,176.87,167.3405,171.24,62130959,106.2805,110.03399999999999,106.19291000000001,107.319,88142540
2022-05-20,139.09,140.7,132.61,137.59,137426125,257.24,258.54,246.44,252.56,39199279,111.951,112.18350000000001,105.79636,108.90799999999999,48962960,173.32,174.1,157.55,166.94,73910526,109.5685,109.898,105.00934,107.59100000000001,99500640
2022-05-23,137.79,143.26,137.65,143.11,117726265,255.49,261.5,253.43,260.65,33175379,109.5875,112.1475,108.74100000000001,111.48800000000001,37184940,162.74,169.15,161.7901,168.98,63988869,108.46099999999998,108.81875,103.95,107.55699999999999,107797360
2022-05-24,140.805,141.97,137.33,140.36,104132746,257.89,261.33,253.5,259.62,29043904,105.772,106.45824999999999,101.88468,105.97,76779780,165.1,165.97,157.8,161.54,58855002,104.025,105.4,101.26,104.1,102934680
2022-05-25,138.43,141.785,138.34,140.52,92482696,258.14,264.58,257.125,262.52,28547947,104.9855,106.5,103.85650000000001,105.80499999999999,40257340,160.2,171.1099,160.0,169.75,78113190,103.6555,108.175,103.65,106.775,93120100
2022-05-26,137.39,144.34,137.14,143.78,90601548,262.27,267.11,261.4294,265.9,25002105,105.67699999999999,108.64949999999999,105.22485999999999,107.79249999999999,37947220,160.36,180.92,160.22,178.51,99657452,107.97,112.6655,107.4535,111.07750000000001,93002600
2022-05-27,145.39,149.68,145.26,149.64,90978503,268.48,273.34,267.56,273.24,26910806,109.48299999999999,112.31800000000001,109.13825,112.31649999999999,37914120,181.86,188.81,181.0,188.11,73837935,113.55,115.18699999999998,112.628,115.14649999999999,93660160
2022-05-31,149.07,150.66,146.84,148.84,103718416,272.53,274.77,268.93,271.87,37827695,112.7465,115.73499999999999,112.0785,113.76199999999999,50012260,189.8,192.0,183.5,186.72,66409951,116.28,121.99449999999999,115.675,120.2095,144634160
2022-06-01,149.9,151.74,147.68,148.71,74286635,275.195,277.69,270.04,272.42,25292174,114.85499999999999,117.10155999999999,113.25,113.89200000000001,36605520,187.24,190.5318,181.22,183.2,54451390,122.256,125.179,120.62225000000001,121.684,127528980
2022-06-02,147.83,151.27,146.86,151.21,72348055,264.45,274.65,261.6,274.58,44008209,114.0,117.89949999999999,112.94649999999999,117.62249999999999,37992280,182.92,196.19,181.98,195.92,64865580,121.684,125.60999999999999,120.045,125.511,100560680
2022-06-03,146.9,147.97,144.46,145.38,88570289,270.31,273.45,268.41,270.02,28058958,116.0625,116.32163,113.51849999999999,114.54100000000001,26135460,190.815,193.323,185.2156,187.2,59877870,124.2,124.4,121.04645000000001,122.35,97603320
2022-06-06,147.03,148.5689,144.9,146.14,71598380,272.06,274.18,267.22,268.75,22400342,116.70450000000001,119.34700000000001,116.16400000000002,116.8205,33541540,191.39,193.37,185.642,187.86,42240615,125.245,128.99,123.81,124.79,135269024
2022-06-07,144.345,149.0,144.1,148.71,67808150,266.635,273.13,265.94,272.5,22860677,115.4805,117.691,115.05199999999999,117.14949999999999,31590460,184.72,190.0,181.88,189.26,38891411,122.005,124.1,120.63,123.0,85156712
2022-06-08,148.58,149.8697,147.46,147.96,53950201,271.71,273.0,269.61,270.41,17372341,116.7615,118.5705,116.6,117.194,26107740,187.99,191.8,185.35,186.48,36325246,122.61,123.75,120.75,121.18,64926594
2022-06-09,147.08,147.95,142.53,142.64,69472976,267.78,272.7081,264.63,264.79,26439728,116.32750000000001,118.299,114.776,114.8355,25797960,184.81,189.33,180.41,180.48,39557379,119.99,121.3,116.1,116.15,67029842
2022-06-10,140.28,140.76,137.06,137.13,91566637,260.58,260.58,252.53,252.99,31445841,112.44500000000001,113.279,110.36612,111.1615,41481840,176.0,176.97,168.69,169.74,46564966,113.415,114.5,109.05,109.65,87412245
2022-06-13,132.87,135.2,131.44,131.88,122207099,245.11,249.0242,241.53,242.26,46135788,106.7865,108.7915,106.11918,106.3925,47251920,160.0,163.12,156.06,156.47,60415338,104.19,106.54,101.86,103.67,99277742
2022-06-14,133.13,133.89,131.48,132.76,84784326,243.86,245.74,241.51,244.49,28651487,106.535,107.9245,105.8,106.71549999999999,33706260,157.31,160.66,154.12,158.36,46967952,104.19,104.88,101.43,102.31,69728761
2022-06-15,134.29,137.34,132.16,135.43,91532972,248.31,255.3,246.42,251.76,33111729,108.545,111.42349999999999,107.6695,109.7645,39698180,160.95,168.68,159.26,165.27,56393565,103.86,109.06,103.53,107.67,85011060
2022-06-16,132.08,132.39,129.04,130.06,107961508,245.98,247.4174,243.02,244.97,33169160,107.221,108.64849999999998,105.13801000000001,106.0335,51684960,158.6,159.4232,154.01,156.01,54574867,104.47,104.58,102.01,103.66,82186301
2022-06-17,130.065,133.079,129.81,131.56,134520290,244.7,250.5,244.03,247.65,43084780,106.0335,108.69949999999999,105.046,107.14349999999999,51376520,156.48,159.95,153.28,158.8,63033397,102.8,106.98,102.51,106.22,99772147
2022-06-21,133.42,137.06,133.32,135.87,81000488,250.255,254.75,249.51,253.74,29928297,108.9295,112.48925,108.6,111.54400000000001,47415800,164.745,170.08,164.07,165.66,48308888,108.2,111.6299,103.56,108.68,70901245
2022-06-22,134.79,137.76,133.91,135.35,73409234,251.89,257.17,250.37,253.13,25961215,110.5565,113.34649999999999,110.38237999999998,111.4875,30774140,162.26,166.62,161.8,163.6,43799744,107.43,112.13,107.02,108.95,60040131
2022-06-23,136.82,138.59,135.63,138.27,72433768,255.57,259.37,253.63,258.86,25861449,112.23150000000001,112.74249999999999,110.50050000000002,112.242,28361920,165.185,165.85,158.53,162.25,46367959,110.39,113.0,107.93,112.44,64345300
2022-06-24,139.9,141.91,139.77,141.66,89116837,261.808,267.98,261.72,267.7,33923231,112.995,118.079,112.95250000000001,117.975,41163680,165.0,171.4,163.1,171.26,47215283,112.38,116.71,111.43,116.46,69867618
2022-06-27,142.695,143.49,140.965,141.66,70207908,268.205,268.3,263.28,264.89,24615114,118.273,118.57950000000001,115.17969000000001,115.8335,36420760,173.12,173.3,166.255,168.69,42796788,117.09,117.98,112.7,113.22,62133240
2022-06-28,142.13,143.422,137.325,137.44,67315328,263.98,266.91,256.32,256.48,27380247,115.80250000000001,117.3095,111.848,112.00750000000001,35880960,169.0,172.0199,159.45,159.82,46185936,113.5,114.85,107.04,107.4,75172028
2022-06-29,137.46,140.67,136.67,139.23,66242411,257.59,261.97,255.76,260.26,20069839,111.55199999999999,113.16024999999999,110.87251,111.70150000000001,24716820,158.14,158.2,151.7,155.42,48235228,107.38,110.99,106.91,108.92,66375341
2022-06-30,137.25,138.37,133.7737,136.72,98964467,257.05,259.53,252.9,256.83,31730868,110.0,110.888,106.75,108.96300000000001,43169060,153.61,155.67,148.62,151.59,68607003,108.11,108.18,102.52,106.21,97679401
2022-07-01,136.04,139.04,135.66,138.93,71051552,256.39,259.77,254.61,259.58,22837692,107.93299999999999,109.25,106.7305,108.7375,35475660,148.99,150.6291,143.92,145.23,57761008,106.29,109.75,105.8469,109.56,73021171
2022-07-05,137.77,141.61,136.93,141.56,73429641,256.16,262.98,254.74,262.85,22971634,107.10050000000001,113.37674999999999,105.73150000000001,113.263,39399640,141.75,149.71,140.55,149.64,65220761,107.6,114.08,106.3242,113.5,76684414
2022-07-06,141.355,144.12,141.08,142.92,74064254,263.75,267.99,262.4,266.21,23824419,113.30199999999999,115.5895,111.476,114.572,37431380,150.1,153.1899,147.89,151.3,52906586,113.21,115.48,112.01,114.33,66958884
2022-07-07,143.29,146.55,143.28,146.35,66253709,265.12,269.055,265.02,268.4,20859874,115.08,119.1895,114.8335,118.78299999999999,40935880,154.555,159.45,153.89,158.58,49290276,113.85,116.99,113.49,116.33,57872323
2022-07-08,145.265,147.55,145.0,147.04,64547798,264.79,268.1,263.285,267.66,19658751,117.25,119.68499999999999,116.90125,119.35350000000001,38238160,154.3,160.3699,153.89,158.38,46797176,114.6,116.58,113.69,115.54,45719694
2022-07-11,145.67,146.64,143.78,144.87,63305113,265.65,266.53,262.18,264.51,19519108,117.998,117.998,115.3305,115.6765,31243700,155.26,155.2699,150.3801,151.52,43838873,114.08,114.3,110.87,111.75,53540019
2022-07-12,145.76,148.45,145.05,145.86,77588759,265.88,265.94,252.04,253.67,35868450,116.215,116.974,113.69022,114.0205,29959700,152.68,154.31,148.77,150.82,45848310,112.16,113.23,108.34,109.22,54280257
2022-07-13,142.99,146.45,142.1201,145.49,71185560,250.19,253.55,248.11,252.72,29497423,111.701,114.196,111.20150000000001,111.35350000000001,43722020,145.9,153.75,144.65,151.64,52191834,107.03,111.78,106.01,110.4,61353812
2022-07-14,144.08,148.95,143.25,148.47,78140744,250.57,255.1374,245.94,254.08,25102823,110.2105,111.093,108.373,110.36749999999999,37003040,151.08,154.7299,147.28,153.72,45623484,110.24,111.18,107.58,110.63,51163140
2022-07-15,149.78,150.86,148.2,150.17,76259931,255.72,260.3699,254.7727,256.72,29774050,112.00050000000002,113.1405,110.9,111.7775,46769120,156.59,157.82,154.45,157.62,38593547,112.5,115.59,111.59,113.55,84317816
2022-07-18,150.74,151.57,146.7,147.07,81420868,259.75,260.84,253.3,254.25,20975034,112.64,113.68,108.37,109.03,43164588,163.02,168.97,160.02,161.01,67051745,115.0,117.24,113.15,113.76,59115419
2022-07-19,147.92,151.23,146.91,151.0,82982367,257.575,259.72,253.68,259.53,25012562,110.85,114.02,109.56,113.81,36530945,164.86,171.1,161.7201,169.92,70236608,115.7,118.95,114.03,118.21,60990043
2022-07-20,151.12,153.72,150.37,153.04,64823413,259.9,264.87,258.91,262.27,22788282,113.17,115.4,112.48,113.9,35600426,169.47,179.325,168.01,178.07,76053779,118.615,123.475,118.32,122.77,71268322
2022-07-21,154.5,155.57,151.94,155.35,65086636,259.79,264.89,257.03,264.84,22404675,114.28,114.55,111.1132,114.34,32676166,178.85,181.44,175.4456,180.5,55704928,123.2,124.85,121.26,124.63,60239892
2022-07-22,155.39,156.28,153.41,154.09,66675408,265.24,265.33,259.07,260.36,21881290,111.0,112.34,106.5,107.9,48901184,178.93,179.67,171.365,173.19,53667088,125.01,125.5,121.3504,122.42,51463797
2022-07-25,154.01,155.04,152.28,152.95,53623945,260.995,261.5,256.81,258.83,21055998,108.41,109.87,106.3,107.51,34690894,170.19,171.24,166.49,170.24,48074751,122.695,123.64,120.03,121.14,50221259
2022-07-26,152.265,153.085,150.8,151.6,55138691,259.86,259.88,249.57,251.9,39347957,106.6,107.2,104.07,105.02,47990963,168.89,169.19,164.78,165.33,39786491,115.79,118.15,114.53,114.81,67075064
2022-07-27,152.58,157.33,152.16,156.79,78620688,261.16,270.05,258.85,268.74,45994049,109.26,113.91,108.01,113.06,59858495,170.32,179.36,169.1301,177.9,56977623,117.31,121.9,117.16,120.97,61582015
2022-07-28,156.98,157.64,154.41,157.35,81378731,269.75,277.84,267.87,276.41,33459327,112.37,114.34,111.46,114.22,32816568,179.75,181.4,174.4,179.84,47464628,121.57,122.84,118.08,122.28,82245543
2022-07-29,161.24,163.63,159.5,162.51,101786860,277.7,282.0,276.63,280.74,32152752,113.08,116.705,113.06,116.32,37223391,178.13,182.44,176.92,181.63,43546042,134.9,137.65,132.41,134.95,148892889
2022-08-01,161.01,163.59,160.89,161.51,67829379,277.82,281.28,275.84,278.01,21539580,115.3,116.72,114.34,114.86,26034288,181.82,188.46,179.9,184.41,47646904,134.96,138.8339,133.51,135.39,76846908
2022-08-02,160.1,162.41,159.63,160.01,59907025,276.0,277.89,272.38,274.82,22754184,114.0,116.35,113.72,115.13,20236029,181.22,189.3753,180.92,185.26,48952692,134.72,137.44,134.09,134.16,61922429
2022-08-03,160.84,166.59,160.75,166.13,82507488,276.76,283.5,276.61,282.47,23518874,115.71,118.62,115.48,118.08,28499014,181.84,189.68,181.37,188.93,41814557,136.21,140.49,136.05,139.52,71827780
2022-08-04,166.005,167.19,164.43,165.81,55474144,281.8,283.8,280.1677,283.65,18098668,117.48,118.78,116.89,118.19,21602925,188.49,192.74,187.6,192.15,40965227,140.58,143.56,139.55,142.57,70585020
2022-08-05,163.21,165.85,163.0,165.35,56696985,279.15,283.65,278.68,282.91,16774606,116.23,118.1056,116.0,117.47,19159520,188.1,192.2892,186.66,189.89,38606829,140.1,142.86,139.6,140.8,50686865
2022-08-08,166.37,167.81,164.2,164.87,60362338,284.05,285.92,279.32,280.32,18757818,118.39,120.15,116.88,117.3,19169479,175.02,182.39,172.42,177.93,98378318,142.05,144.23,138.29,139.41,52303475
2022-08-09,164.02,165.82,163.25,164.92,63135503,279.64,283.08,277.61,282.3,23405238,117.135,117.32,115.71,116.63,19086465,172.52,174.4719,167.24,170.86,66826265,138.052,138.9523,136.21,137.83,40434715
2022-08-10,167.68,169.34,166.9,169.24,70170540,288.17,289.81,286.94,289.16,24687845,118.78,120.92,118.41,119.7,30930350,176.98,181.18,173.1701,180.97,59742246,142.9,144.6,141.01,142.69,54773819
2022-08-11,170.06,170.99,168.19,168.49,57149159,290.85,291.21,286.51,287.02,20065938,121.28,121.49,118.56,118.84,24293654,181.31,187.07,178.76,179.42,50932655,143.86,144.49,139.76,140.64,44867336
2022-08-12,169.82,172.17,169.4,172.1,68039382,288.48,291.91,286.94,291.91,22619675,120.26,121.68,119.46,121.68,19096268,181.6,187.18,179.53,187.09,47809415,142.05,143.57,140.1201,143.55,47643484
2022-08-15,171.52,173.39,171.345,173.19,54091694,291.0,294.18,290.11,293.47,18085654,121.13,122.3,120.61,122.08,19494825,187.01,191.64,186.13,190.32,45766556,142.8,143.76,141.49,143.18,39014583
2022-08-16,172.78,173.71,171.6618,173.03,56377050,291.99,294.04,290.42,292.71,18102882,121.52,122.43,120.64,121.7,19041230,189.195,191.42,185.01,188.79,45123964,143.905,146.57,142.0,144.78,59102859
2022-08-17,172.77,176.15,172.57,174.55,79542037,289.74,293.35,289.47,291.32,18253358,120.12,121.29,119.38,119.55,22846958,185.23,186.88,181.45,183.35,44679911,142.69,143.38,140.78,142.1,48149778
2022-08-18,173.75,174.9,173.12,174.15,62290075,290.189,291.91,289.08,290.17,17186192,119.43,120.82,118.72,120.17,17987660,183.01,188.6499,181.83,187.73,41544656,141.32,142.77,140.38,142.3,37458737
2022-08-19,173.03,173.74,171.3101,171.52,70346295,288.9,289.25,285.56,286.15,20570033,119.06,119.15,116.76,117.21,21809528,184.06,185.2,177.7,178.49,44158833,140.47,141.11,137.9142,138.23,47792843
2022-08-22,169.69,169.86,167.135,167.57,69026809,282.08,282.46,277.22,277.75,25061070,115.2,115.63,113.85,114.24,21456648,174.9,175.58,169.66,170.34,40959271,135.72,136.32,132.85,133.22,50461504
2022-08-23,167.08,168.71,166.65,167.23,54147079,276.44,278.86,275.4,276.44,17527409,113.475,115.01,113.43,113.86,15870373,169.885,174.65,169.7,171.81,36998577,133.41,134.99,132.95,133.62,36252103
2022-08-24,167.32,168.11,166.245,167.53,53841524,275.41,277.23,275.11,275.79,18137019,113.5,114.78,112.8701,113.69,17734624,170.12,174.06,168.95,172.22,52266071,132.75,135.47,132.1,133.8,38626978
2022-08-25,168.78,170.14,168.35,170.03,51218209,277.33,279.02,274.52,278.85,16583407,114.235,116.72,114.11,116.65,16956794,168.44,179.47,168.33,179.13,77069133,135.26,137.42,134.28,137.28,37496283
2022-08-26,170.57,171.05,163.56,163.62,78960980,279.08,280.34,267.98,268.09,27549307,114.72,115.12,110.19,110.34,37245697,178.57,179.24,162.37,162.6,76912743,136.55,137.83,130.5,130.75,53322663
2022-08-29,161.145,162.9,159.82,161.38,73313953,265.85,267.4,263.85,265.23,20338544,109.99,110.95,108.8,109.42,21191157,160.2,163.38,157.67,158.01,49613194,129.9,131.9499,128.77,129.79,48101638
2022-08-30,162.13,162.56,157.72,158.91,77906197,266.67,267.05,260.66,262.97,22767071,110.17,110.5,107.8,108.94,27513255,159.6,160.39,151.82,154.68,53018069,131.25,132.0745,126.85,128.73,49202990
2022-08-31,160.305,160.58,157.14,157.22,87991091,265.39,267.11,261.33,261.47,24791834,110.65,110.85,108.13,108.22,28626972,153.84,155.4,149.5851,150.94,57370986,129.45,130.59,126.74,126.77,53648702
2022-09-01,156.64,158.42,154.67,157.96,74229896,258.87,260.89,255.41,260.4,23263431,108.28,110.445,107.36,109.74,28360926,142.09,143.8,132.7021,139.37,117886514,126.0,128.02,123.66,127.82,56636145
2022-09-02,159.75,160.362,154.965,155.81,76957768,261.695,264.74,254.47,256.06,22855380,110.59,110.74,107.26,107.85,24160711,141.0,141.71,135.91,136.47,74315746,129.5,131.38,126.39,127.51,57429829
2022-09-06,156.47,157.09,153.69,154.53,73714843,256.2,257.83,251.94,253.25,21328242,107.3,108.03,105.78,106.81,25068280,137.31,137.79,133.51,134.65,53575118,127.92,128.62,124.74,126.11,43888587
2022-09-07,154.825,156.67,153.61,155.96,87449574,254.7,258.83,253.22,258.09,24126700,107.06,109.98,106.9,109.45,23166967,135.63,138.38,133.46,137.14,51265746,126.12,129.82,125.4,129.48,47834487
2022-09-08,154.64,156.36,152.68,154.46,84923847,257.51,260.43,254.79,258.52,20319911,108.04,109.6,107.16,108.38,24238293,134.59,140.08,133.69,139.9,62487312,127.72,130.28,127.1,129.82,43988509
2022-09-09,155.47,157.82,154.75,157.37,68081006,260.5,265.23,260.29,264.46,22093190,109.065,110.99,109.02,110.65,23213585,141.57,144.74,141.26,143.87,48712842,130.91,133.69,130.76,133.27,49422259
2022-09-12,159.59,164.26,159.3,163.43,104955962,265.78,267.45,265.16,266.65,18747690,110.99,111.62,109.93,110.86,22966752,143.69,145.47,141.98,145.05,48415924,134.095,136.49,134.0,136.45,53826859
2022-09-13,159.9,160.54,153.37,153.84,122656614,258.84,260.4,251.59,251.99,33353318,107.8,108.3,104.09,104.32,38172871,138.02,139.22,130.99,131.31,71495563,131.01,131.4,126.27,126.82,72694010
2022-09-14,154.785,157.1,153.6106,155.31,87965409,253.53,254.23,249.86,252.22,23912954,104.57,105.275,103.66,105.0,26395134,132.54,132.8999,129.13,131.28,58850654,127.364,128.84,126.33,128.55,45316772
2022-09-15,154.65,155.24,151.38,152.37,90481110,249.77,251.4,244.02,245.38,31530948,104.03,105.27,102.35,102.91,34188284,130.152,132.3299,127.9,129.29,52362516,127.38,130.37,125.495,126.28,52887196
2022-09-16,151.21,151.35,148.37,150.7,162278841,244.26,245.3,242.0627,244.74,39791768,102.07,103.13,100.94,102.8,42797172,127.415,132.12,126.17,131.98,67075140,122.78,123.87,120.7,123.53,115667804
2022-09-19,149.31,154.56,149.1,154.48,81474246,242.465,245.14,240.85,244.52,26826931,101.75,103.33,101.55,103.07,23036811,130.12,134.63,130.1,133.82,56968528,122.16,124.71,121.8,124.66,47279727
2022-09-20,153.4,158.08,153.08,156.9,107689796,242.065,243.51,239.64,242.45,26660299,102.08,102.37,100.52,101.14,26517123,132.145,134.8276,130.57,131.76,52481775,123.35,124.3963,121.14,122.19,47698432
2022-09-21,157.34,158.74,153.6,153.72,101696790,244.27,247.66,238.9,238.95,28625557,101.67,102.88,99.27,99.28,31487265,132.13,140.31,131.1,132.61,80767940,122.49,123.76,118.45,118.54,58498887
2022-09-22,152.38,154.47,150.91,152.74,86652542,237.8704,243.86,237.57,240.98,31061162,98.82,101.24,98.79,100.14,34298619,130.7,131.4897,124.28,125.61,75916216,117.08,118.79,116.26,117.31,55229190
2022-09-23,151.19,151.47,148.56,150.43,96029909,239.54,241.13,235.2,237.92,34176048,99.63,99.66,97.47,98.74,31625437,124.2,126.11,122.57,125.16,66330931,116.0,116.05,112.06,113.78,65126665
2022-09-26,149.66,153.7701,149.64,150.77,93339409,237.045,241.45,236.9,237.45,27694190,98.1,99.88,97.8,98.17,27072662,124.91,126.59,122.14,122.28,54734269,113.295,117.34,113.13,115.15,62723268
2022-09-27,152.74,154.72,149.945,151.76,84442741,239.98,241.8,234.5,236.41,27018732,99.43,100.0,96.872,97.5,30072781,125.07,127.36,122.58,124.13,55385406,117.195,118.32,113.05,114.41,60094693
2022-09-28,147.64,150.6414,144.84,149.84,146691387,236.81,242.33,234.73,241.07,29029679,97.65,100.7,97.11,100.05,32466323,124.1,128.23,123.5386,127.36,54241388,114.38,118.7,113.8,118.01,55763750
2022-09-29,146.1,146.72,140.68,142.48,128138237,238.89,239.95,234.41,237.5,27484233,98.64,98.64,95.96,97.42,31047224,124.48,125.0,119.4601,122.2,53276312,115.6,116.07,113.06,114.8,58969714
2022-09-30,141.28,143.1,138.0,138.2,124925274,238.29,240.54,232.73,232.9,35694832,97.05,98.9,95.56,95.65,32941493,120.87,126.33,120.75,121.39,56563842,114.075,116.92,112.84,113.0,59479586
2022-10-03,138.21,143.07,137.685,142.45,114311663,235.41,241.61,234.66,240.74,28880357,96.76,99.2872,96.521,98.64,27982031,123.47,126.78,121.05,125.12,54747847,113.58,116.91,112.45,115.88,50941854
2022-10-04,145.03,146.22,144.26,146.1,87830064,245.09,250.36,244.975,248.88,34888416,100.44,101.84,100.38,101.64,28850773,128.79,132.2,128.79,131.67,58418167,119.89,123.0,119.79,121.09,62812564
2022-10-05,144.075,147.38,143.01,146.4,79470968,245.99,250.58,244.1,249.2,20347136,99.825,101.93,98.8,101.43,22176903,129.107,133.21,126.21,132.09,50713073,118.58,121.75,117.69,120.95,48217535
2022-10-06,145.81,147.54,145.22,145.43,68402169,247.93,250.34,246.08,246.79,20239886,100.68,102.9254,100.59,101.42,22323989,132.2,136.56,131.03,131.3,64415689,120.77,121.53,119.5,120.3,42253755
2022-10-07,142.54,143.1,139.445,140.09,85925559,240.902,241.32,233.17,234.24,37769602,99.85,100.53,98.295,98.68,27502765,125.05,126.7,120.22,120.76,67247816,118.0,118.17,113.88,114.56,54677980
2022-10-10,140.42,141.89,138.5729,140.42,74899002,233.05,234.559,226.73,229.25,29743608,99.0,99.095,97.01,97.86,18225094,120.37,121.2432,114.0812,116.7,69869925,115.1,116.25,112.43,113.67,42339675
2022-10-11,139.9,141.35,138.22,138.98,77033672,227.62,229.06,224.11,225.41,30473954,97.43,99.245,96.31,97.18,26507103,115.61,118.46,112.83,115.86,66748163,112.71,115.48,110.39,112.21,56432233
2022-10-12,139.13,140.36,138.16,138.34,70433744,225.4,227.86,223.96,225.75,21903937,97.3,98.75,96.735,97.56,21876362,115.79,117.35,113.45,115.0,49259019,112.49,113.83,111.4,112.9,45728660
2022-10-13,134.99,143.59,134.37,142.99,113223975,219.85,236.1,219.13,234.24,42551818,95.15,99.775,94.3836,99.06,34574549,109.71,120.7799,108.13,119.6,85010301,107.88,113.44,105.345,112.53,86868103
2022-10-14,144.31,144.52,138.19,138.38,88597969,235.54,237.24,228.34,228.56,30198588,99.99,100.69,96.37,96.56,25410674,120.57,121.11,112.04,112.27,71343199,114.1,114.96,106.6,106.9,67737344
2022-10-17,141.065,142.9,140.27,142.41,85250939,235.82,238.96,235.135,237.53,28142268,98.86,100.93,98.83,99.97,28419192,115.18,119.48,115.17,118.88,58077417,110.11,114.19,110.09,113.79,62781985
2022-10-18,145.49,146.7,140.61,143.75,99136610,243.24,243.93,235.37,238.5,26329591,103.13,103.47,99.97,100.77,24060671,123.44,124.92,116.18,119.67,65936206,119.06,119.52,114.79,116.36,65607448
2022-10-19,141.69,144.9492,141.5,143.86,61758340,237.04,239.61,234.29,236.48,19985698,100.01,101.0183,98.9201,99.63,23811064,118.79,123.5,118.34,120.51,52313061,114.71,116.5932,113.22,115.07,47198122
2022-10-20,143.02,145.89,142.65,143.39,64521989,235.77,241.31,234.87,236.15,21811015,100.0,102.32,99.39,99.97,25323202,121.13,127.69,121.05,121.94,65239761,113.83,118.24,113.51,115.25,48795104
2022-10-21,142.87,147.8479,142.649,147.27,86548609,234.74,243.0,234.5,242.12,26299733,97.845,101.31,97.72,101.13,32458722,120.982,124.98,118.87,124.66,60949441,114.792,119.59,114.5,119.32,55660485
2022-10-24,147.185,150.23,146.0,149.45,75981918,243.76,247.84,241.295,247.25,24911212,101.8,102.75,99.98,102.52,27176417,125.08,127.1,120.64,125.99,51745740,119.98,120.39,116.57,119.82,49531523
2022-10-25,150.09,152.49,149.36,152.34,74732290,247.26,251.04,245.83,250.66,34775505,102.9,104.82,102.72,104.48,40611375,126.935,133.0,126.64,132.61,50548233,119.65,121.3152,118.95,120.6,50934609
2022-10-26,150.96,151.99,148.04,149.35,88436172,231.17,238.3,230.06,231.32,82684846,96.43,98.31,94.69,94.93,88279042,128.69,133.88,127.08,128.96,53553329,116.0,119.3457,114.76,115.66,69002457
2022-10-27,148.07,149.046,144.13,144.8,109180150,231.04,233.69,225.78,226.75,40424645,94.52,95.43,91.8,92.22,60710859,136.3,138.38,131.22,131.76,58311308,113.92,114.12,109.77,110.96,129605362
2022-10-28,148.2,157.5,147.82,155.74,164762371,226.24,236.6,226.05,235.87,40647724,92.27,96.55,92.13,96.29,43697286,131.04,138.5,130.61,138.34,52103993,97.905,103.96,97.66,103.41,223133398
2022-10-31,153.155,154.24,151.92,153.34,97943171,233.76,234.92,231.15,232.13,28357265,95.42,96.03,93.98,94.51,31675036,137.78,138.38,132.97,134.97,48634099,103.56,104.87,100.74,102.44,99251395
2022-11-01,155.08,155.45,149.13,150.65,80379345,234.6,235.74,227.325,228.17,30592271,95.45,96.03,90.37,90.47,47161351,138.11,139.25,135.19,135.43,43281690,103.99,104.58,96.06,96.79,153370032
2022-11-02,148.945,152.17,145.0,145.03,93604623,229.46,231.3,220.04,220.1,38407008,90.94,91.18,86.88,86.97,57038282,138.5,142.1,132.1124,132.19,67262784,97.315,97.74,92.01,92.12,135761798
2022-11-03,142.06,142.8,138.75,138.88,97918516,220.09,220.41,213.98,214.25,36633922,86.32,86.52,83.34,83.43,61288019,130.43,137.81,129.56,134.21,50006486,92.47,93.5,89.02,89.3,136683303
2022-11-04,142.09,142.67,134.38,138.38,140814796,217.55,221.59,213.431,221.39,36789063,85.4,86.64,83.71,86.58,51124904,139.86,142.29,136.97,141.56,61257591,91.49,92.44,88.04,90.98,129101336
2022-11-07,137.11,139.145,135.671,138.92,83374628,221.99,228.41,221.28,227.87,33497979,87.28,88.9,86.85,88.49,34078912,142.28,144.12,139.54,143.01,41006095,91.95,92.1,89.04,90.53,77495728
2022-11-08,140.41,141.43,137.49,139.5,89908477,228.7,231.65,225.84,228.87,28192548,88.9,90.32,87.5901,88.9,30429025,148.01,148.9101,142.16,146.02,59529199,90.79,91.72,88.23,89.98,88703370
2022-11-09,138.5,138.55,134.5933,134.87,74917794,227.37,228.6327,224.33,224.51,27852910,88.45,89.435,87.28,87.32,31769099,141.615,142.11,137.5901,137.76,45441366,89.47,89.48,85.87,86.14,90796249
2022-11-10,141.24,146.87,139.5,146.87,118854028,235.43,243.33,235.0,242.98,46268021,92.25,94.39,91.61,93.94,51620136,148.0,157.73,145.47,157.5,70081925,92.935,98.69,91.65,96.63,173414862
2022-11-11,145.82,150.01,144.37,149.7,93979665,242.99,247.99,241.93,247.11,34620246,94.69,96.93,93.92,96.41,33090482,158.075,163.89,154.82,163.27,65548747,97.88,101.19,96.66,100.79,111590544
2022-11-14,148.97,150.28,147.43,148.28,73374114,241.985,243.91,239.21,241.55,31123340,95.09,96.79,94.51,95.7,30179539,162.18,165.4,159.22,162.95,52785245,98.77,100.1199,97.29,98.49,99533072
2022-11-15,152.215,153.59,148.5613,150.04,89868332,245.66,247.0,240.03,241.97,31390117,98.26,100.14,96.71,98.44,41640816,167.215,169.98,163.82,166.66,54587550,103.21,103.79,97.34,98.94,111336317
2022-11-16,149.13,149.87,147.29,148.79,64218266,242.79,243.8,240.42,241.73,24093272,97.9,99.6375,97.64,98.85,29105154,161.615,163.62,158.73,159.1,64954684,96.85,98.4879,95.54,97.12,87958828
2022-11-17,146.43,151.48,146.15,150.72,80389400,237.78,243.25,237.63,241.68,23123544,96.97,99.28,96.79,98.36,26052599,157.15,162.66,155.35,156.77,71089356,95.37,96.97,94.03,94.85,82617865
2022-11-18,152.305,152.7,149.97,151.29,74829573,243.51,243.74,239.03,241.22,27613523,98.77,98.9,96.37,97.43,28342297,159.66,160.02,151.2001,154.09,49207165,95.95,95.99,92.48,94.14,72428185
2022-11-21,150.16,150.37,147.715,148.01,58724070,241.43,244.67,241.19,242.05,26394700,97.29,98.4,95.355,95.6,21647387,151.47,154.77,150.8,153.17,40473931,93.97,95.02,90.59,92.46,84330270
2022-11-22,148.13,150.42,146.925,150.18,51804132,243.59,245.31,240.71,245.03,19665699,95.95,97.22,94.05,97.05,23438480,153.28,160.5757,151.216,160.38,47286607,92.62,93.35,90.87,93.2,62191962
2022-11-23,149.45,151.83,149.34,151.07,58301395,245.105,248.28,244.27,247.58,19508462,97.09,98.76,97.09,98.46,18868092,160.98,165.27,160.4801,165.19,42724093,93.24,94.58,92.83,94.13,59414684
2022-11-25,148.305,148.88,147.12,148.11,35195860,247.31,248.7,246.73,247.49,9200772,98.24,98.64,97.4,97.46,9701441,163.18,164.87,161.72,162.7,16793430,93.79,94.43,93.065,93.41,35088609
2022-11-28,145.14,146.64,143.38,144.22,69346522,246.08,246.65,240.8,241.76,24810271,97.0363,97.58,95.61,96.05,26252433,160.26,163.57,157.25,158.27,30415201,93.93,96.4,93.43,93.95,75062316
2022-11-29,144.29,144.81,140.355,141.17,83763803,241.4,242.79,238.21,240.33,17956313,95.73,96.12,94.11,95.19,20061720,158.27,159.32,155.2,156.39,29838449,94.04,94.41,91.44,92.42,65567286
2022-11-30,141.395,148.72,140.55,148.03,111380880,240.57,255.33,239.86,255.14,47594239,94.82,101.04,94.42,100.99,43647481,156.97,169.3,155.97,169.23,56529822,92.47,96.54,91.525,96.54,102805806
2022-12-01,148.21,149.13,146.61,148.31,71250416,253.87,256.12,250.9156,254.69,26041524,101.02,102.25,100.25,100.99,28687096,169.99,172.65,166.35,171.35,47097657,96.99,97.23,94.92,95.5,68487969
2022-12-02,145.96,148.0,145.65,147.81,65447446,249.82,256.06,249.69,255.02,21528520,99.05,100.77,98.9,100.44,21480703,166.59,169.3257,164.45,168.76,37138858,94.475,95.36,93.78,94.13,72496388
2022-12-05,147.77,150.9199,145.77,146.63,68826442,252.01,253.819,248.06,250.2,23435294,99.4,101.38,99.0,99.48,24405087,166.79,169.95,164.7201,166.1,35225517,93.05,94.06,90.82,91.01,71535526
2022-12-06,147.075,147.3,141.92,142.91,64727186,250.82,251.86,243.78,245.12,22463727,99.3,99.78,96.42,96.98,24910655,165.3,165.73,158.19,159.87,35269427,90.5,91.04,87.9,88.25,75503628
2022-12-07,142.19,143.37,140.0,140.94,69721094,244.83,246.16,242.205,244.37,20481522,96.41,96.8811,94.715,94.94,31045449,157.72,161.86,156.67,161.2,37238758,88.34,89.89,87.48,88.46,68086880
2022-12-08,142.36,143.52,141.1,142.65,62128338,244.84,248.74,243.06,247.4,22611757,95.38,95.58,93.45,93.71,32213288,162.73,171.79,159.59,171.69,51545554,89.24,90.86,87.88,90.35,73305887
2022-12-09,142.34,145.57,140.9,142.16,76097011,244.695,248.31,244.16,245.42,20609743,93.77,94.26,92.75,92.83,28225448,171.6,175.83,169.75,170.01,46533819,88.9,90.3,88.63,89.09,67398506
2022-12-12,142.7,144.5,141.06,144.49,70462654,247.445,252.54,247.17,252.51,30665069,92.71,93.56,91.61,93.31,29009013,170.37,175.38,167.97,175.35,45732780,89.21,90.58,87.87,90.55,61999762
2022-12-13,149.5,149.9692,144.24,145.47,93886161,261.69,263.915,253.07,256.92,42196884,97.76,99.53,95.03,95.63,40593656,185.31,187.9,177.11,180.72,65658876,95.23,96.25,90.52,92.49,100212038
2022-12-14,145.35,146.655,141.16,143.21,82291182,257.13,262.588,254.31,257.22,35410933,95.2,96.87,93.6,95.07,28733599,179.87,182.52,174.2,176.74,49688810,92.502,93.4581,89.87,91.58,70298006
2022-12-15,141.11,141.8,136.025,136.5,98931907,253.72,254.2,247.34,249.01,35568093,93.13,93.64,90.01,90.86,40107033,171.46,173.2,167.0,169.52,47854210,89.89,89.97,87.47,88.45,84802877
2022-12-16,136.685,137.65,133.73,134.51,160156900,248.55,249.84,243.51,244.69,86101994,90.76,91.33,89.52,90.26,58011847,168.642,170.41,164.1,165.71,47823193,88.265,89.35,86.73,87.86,146144064
2022-12-19,135.11,135.2,131.32,132.37,79592614,244.86,245.21,238.71,240.45,29696436,90.255,90.56,88.21,88.44,29493030,165.72,166.09,161.45,162.54,35403877,87.51,87.63,84.51,84.92,83531460
2022-12-20,131.39,133.25,129.89,132.3,77432819,239.4,242.91,238.42,241.8,25150802,88.11,89.175,87.4401,89.02,23453836,160.64,163.1,158.52,160.85,40325979,85.33,86.61,84.33,85.19,74348301
2022-12-21,132.98,136.81,132.75,135.45,85927993,241.69,245.615,240.11,244.43,23690607,89.08,90.22,88.32,89.58,24745637,161.14,166.27,161.02,165.01,32502538,86.175,87.225,85.21,86.77,59267156
2022-12-22,134.352,134.56,130.3,132.23,77852108,241.255,241.99,233.87,238.19,28651664,88.16,88.54,86.32,87.76,27658293,160.935,161.38,148.82,153.39,56504527,85.52,85.68,82.25,83.79,81431314
2022-12-23,130.92,132.415,129.64,131.86,63814893,236.11,238.87,233.9428,238.73,21206982,87.11,89.545,87.07,89.23,23003035,151.96,153.39,148.83,152.06,34932563,83.25,85.78,82.9344,85.25,57433655
2022-12-27,131.38,131.41,128.72,130.03,69007830,238.7,238.93,235.83,236.96,16688648,88.795,88.94,87.01,87.39,20097346,150.74,151.0,140.56,141.21,46490226,84.97,85.35,83.0,83.04,57284035
2022-12-28,129.67,131.0275,125.87,126.04,85438391,236.89,239.72,234.17,234.53,17457104,86.98,88.04,85.94,86.02,19523176,139.27,142.62,138.84,140.36,35106645,82.8,83.48,81.69,81.82,58228575
2022-12-29,127.99,130.4814,127.73,129.61,75703710,235.65,241.92,235.65,241.01,19770693,86.62,88.845,86.61,88.45,23333537,144.02,146.83,142.27,146.03,35492324,82.87,84.55,82.55,84.18,54995895
2022-12-30,128.41,129.95,127.43,129.93,77034209,238.21,239.96,236.66,239.82,21938472,86.98,88.3,86.57,88.23,23986297,143.34,146.2899,142.33,146.14,31048983,83.12,84.05,82.47,84.0,62401194
